<?xml version="1.0" encoding="UTF-8"?>

<celerio xmlns="http://www.jaxio.com/schema/celerio" xmlns:xsi="http://www.w3.org/2001/XMLSchema-instance"
	xsi:noNamespaceSchemaLocation="http://www.jaxio.com/schema/celerio.xsd">
	
	<configuration applicationName="toto" rootPackage="ave.bertrand">
		<celerioTemplateContext>
		
			<entityContextProperties>
				<!-- Defines a new property (and its associated value) to $entity -->
				<entityContextProperty property="rest" subPackage="rest" suffix="Resource" />
			</entityContextProperties>
			
		</celerioTemplateContext>
		
		<packs>
			<pack name="AngularDemoBackend" path="src/main/MyCelerioPack" enable="true" />
		</packs>
		
		
	</configuration>

</celerio>